source,platform,post_url,post_title,post_author,comment_text,username,likes,timestamp,text_for_bert,text_for_sentiment,tokens_for_lda,text_for_lda
X (Twitter),twitter,https://x.com/ABSCBNNews/status/1953085739211866148,"The Senate has voted to archive the articles of impeachment against Vice President Sara Duterte. The motion received 19 affirmative votes, 4 negative votes, and 1 abstention. https://t.co/nD9ESzIyrZ",ABSCBNNews,Senate archives Sara Duterte impeachment case https://t.co/FdWJyVgm2z,ABSCBNNews,38,Wed Aug 06 13:29:33 +0000 2025,Senate archives Sara Duterte impeachment case,Senate archives Sara Duterte impeachment case,"['senate', 'archives', 'sara', 'duterte', 'impeachment', 'case']",senate archives sara duterte impeachment case
X (Twitter),twitter,https://x.com/ABSCBNNews/status/1953085739211866148,"The Senate has voted to archive the articles of impeachment against Vice President Sara Duterte. The motion received 19 affirmative votes, 4 negative votes, and 1 abstention. https://t.co/nD9ESzIyrZ",ABSCBNNews,@ABSCBNNews Lord kunin mo na po un 19,Gng_Minchin,1272,Wed Aug 06 13:52:50 +0000 2025,Lord kunin mo na po un 19,Lord kunin mo na po iyon 19,"['lord', 'kunin']",lord kunin
X (Twitter),twitter,https://x.com/ABSCBNNews/status/1953085739211866148,"The Senate has voted to archive the articles of impeachment against Vice President Sara Duterte. The motion received 19 affirmative votes, 4 negative votes, and 1 abstention. https://t.co/nD9ESzIyrZ",ABSCBNNews,"@ABSCBNNews Kaway kaway sa galit na galit sa ICC kasi kinuha yung Poon nila. Eto na yun oh! This is the reason why ICC intervened. And please, don't tell me na may maayos tayong justice system. Sa Senate palang basura na sya oh.",Alex01443,1167,Wed Aug 06 14:45:09 +0000 2025,"Kaway kaway sa galit na galit sa ICC kasi kinuha yung Poon nila. Eto na yun oh! This is the reason why ICC intervened. And please, don't tell me na may maayos tayong justice system. Sa Senate palang basura na sya oh.","Kaway kaway sa galit na galit sa ICC kasi kinuha yung Poon nila. ito na iyon oh! This is the reason why ICC intervened. And please, don't tell me na may maayos tayong justice system. Sa Senate palang basura na siya oh.","['kaway', 'kaway', 'galit', 'galit', 'icc', 'kinuha', 'yung', 'poon', 'reason', 'icc', 'intervened', 'please', 'tell', 'maayos', 'tayong', 'justice', 'system', 'senate', 'palang', 'basura']",kaway kaway galit galit icc kinuha yung poon reason icc intervened please tell maayos tayong justice system senate palang basura
X (Twitter),twitter,https://x.com/ABSCBNNews/status/1953085739211866148,"The Senate has voted to archive the articles of impeachment against Vice President Sara Duterte. The motion received 19 affirmative votes, 4 negative votes, and 1 abstention. https://t.co/nD9ESzIyrZ",ABSCBNNews,"@ABSCBNNews The @IntlCrimCourt needs to take Sara, Bato, et. al away from the Philippines before we all burn in hell together. @bongbongmarcos do your thing NOW!",JM_alter2020,591,Wed Aug 06 14:01:11 +0000 2025,"The needs to take Sara, Bato, et. al away from the Philippines before we all burn in hell together. do your thing NOW!","The needs to take Sara, Bato, et. al away from the Philippines before we all burn in hell together. do your thing NOW!","['needs', 'take', 'sara', 'bato', 'away', 'philippines', 'burn', 'hell', 'together', 'thing']",needs take sara bato away philippines burn hell together thing
X (Twitter),twitter,https://x.com/ABSCBNNews/status/1953085739211866148,"The Senate has voted to archive the articles of impeachment against Vice President Sara Duterte. The motion received 19 affirmative votes, 4 negative votes, and 1 abstention. https://t.co/nD9ESzIyrZ",ABSCBNNews,@ABSCBNNews dapat lang talaga na sa icc dinala si duterte. thank you @IntlCrimCourt !,iamsaff,510,Wed Aug 06 13:35:38 +0000 2025,dapat lang talaga na sa icc dinala si duterte. thank you !,dapat lang talaga na sa icc dinala si duterte. thank you !,"['dapat', 'talaga', 'icc', 'dinala', 'duterte']",dapat talaga icc dinala duterte
X (Twitter),twitter,https://x.com/ABSCBNNews/status/1953085739211866148,"The Senate has voted to archive the articles of impeachment against Vice President Sara Duterte. The motion received 19 affirmative votes, 4 negative votes, and 1 abstention. https://t.co/nD9ESzIyrZ",ABSCBNNews,@ABSCBNNews tanginang yan,cheowielne,383,Wed Aug 06 22:55:49 +0000 2025,tanginang yan,tanginang iyan,['tanginang'],tanginang
X (Twitter),twitter,https://x.com/ABSCBNNews/status/1953085739211866148,"The Senate has voted to archive the articles of impeachment against Vice President Sara Duterte. The motion received 19 affirmative votes, 4 negative votes, and 1 abstention. https://t.co/nD9ESzIyrZ",ABSCBNNews,@ABSCBNNews 2 Cayetano 2 Ejercito 2 Tulfo 2 Villar 😜😜😜 #familybusiness #twinning,RichIIILH,336,Wed Aug 06 14:46:33 +0000 2025,2 Cayetano 2 Ejercito 2 Tulfo 2 Villar #familybusiness #twinning,2 Cayetano 2 Ejercito 2 Tulfo 2 Villar winking face with tongue winking face with tongue #familybusiness #twinning,"['cayetano', 'ejercito', 'tulfo', 'villar', 'familybusiness', 'twinning']",cayetano ejercito tulfo villar familybusiness twinning
X (Twitter),twitter,https://x.com/ABSCBNNews/status/1953085739211866148,"The Senate has voted to archive the articles of impeachment against Vice President Sara Duterte. The motion received 19 affirmative votes, 4 negative votes, and 1 abstention. https://t.co/nD9ESzIyrZ",ABSCBNNews,@ABSCBNNews Lacson not having BALLS https://t.co/n5WIVa0dIe,keanlockes,361,Wed Aug 06 23:18:47 +0000 2025,Lacson not having BALLS,Lacson not having BALLS,"['lacson', 'not', 'balls']",lacson not balls
X (Twitter),twitter,https://x.com/ABSCBNNews/status/1953085739211866148,"The Senate has voted to archive the articles of impeachment against Vice President Sara Duterte. The motion received 19 affirmative votes, 4 negative votes, and 1 abstention. https://t.co/nD9ESzIyrZ",ABSCBNNews,"@ABSCBNNews Wala na talagang pag-asa ang Pilipinas. Nakakadismaya! Buwagin na yan Senado, fortwith!",lacoste_rn,243,Wed Aug 06 14:04:18 +0000 2025,"Wala na talagang pag-asa ang Pilipinas. Nakakadismaya! Buwagin na yan Senado, fortwith!","Wala na talagang pag-asa ang Pilipinas. Nakakadismaya! Buwagin na iyan Senado, fortwith!","['talagang', 'pag', 'asa', 'pilipinas', 'nakakadismaya', 'buwagin', 'senado', 'fortwith']",talagang pag asa pilipinas nakakadismaya buwagin senado fortwith
X (Twitter),twitter,https://x.com/ABSCBNNews/status/1953085739211866148,"The Senate has voted to archive the articles of impeachment against Vice President Sara Duterte. The motion received 19 affirmative votes, 4 negative votes, and 1 abstention. https://t.co/nD9ESzIyrZ",ABSCBNNews,"@ABSCBNNews Mga demonyo sa Senado. If you voted for anyone of these, you are part of the problem. Sorry not sorry. Kanser kayo ng lipunan. Mag isip-isip naman kayo. https://t.co/AG8gmMZOdt",phoenixtian,190,Wed Aug 06 22:29:23 +0000 2025,"Mga demonyo sa Senado. If you voted for anyone of these, you are part of the problem. Sorry not sorry. Kanser kayo ng lipunan. Mag isip-isip naman kayo.","Mga demonyo sa Senado. If you voted for anyone of these, you are part of the problem. Sorry not sorry. Kanser kayo ng lipunan. Mag isip-isip naman kayo.","['demonyo', 'senado', 'voted', 'anyone', 'part', 'problem', 'sorry', 'not', 'sorry', 'kanser', 'lipunan', 'mag', 'isip', 'isip']",demonyo senado voted anyone part problem sorry not sorry kanser lipunan mag isip isip
X (Twitter),twitter,https://x.com/ABSCBNNews/status/1953085739211866148,"The Senate has voted to archive the articles of impeachment against Vice President Sara Duterte. The motion received 19 affirmative votes, 4 negative votes, and 1 abstention. https://t.co/nD9ESzIyrZ",ABSCBNNews,@ABSCBNNews Si Loren legarda pinaka tuso Dyan promise,AHOF__GRANDMA,1,Wed Aug 06 22:09:28 +0000 2025,Si Loren legarda pinaka tuso Dyan promise,Si Loren legarda pinaka tuso Dyan promise,"['loren', 'legarda', 'pinaka', 'tuso', 'dyan', 'promise']",loren legarda pinaka tuso dyan promise
X (Twitter),twitter,https://x.com/ABSCBNNews/status/1953085739211866148,"The Senate has voted to archive the articles of impeachment against Vice President Sara Duterte. The motion received 19 affirmative votes, 4 negative votes, and 1 abstention. https://t.co/nD9ESzIyrZ",ABSCBNNews,"@ABSCBNNews This all started bec Chiz delayed it, even blamed the framers of the Constitution, saying they should’ve written “immediately” instead of “forthwith”. Chiz, didn’t you ask your teachers in law school if you didn’t understand the meaning? WE THE PEOPLE get it. Why can’t you?",twinkylagdameo,115,Wed Aug 06 15:27:17 +0000 2025,"This all started bec Chiz delayed it, even blamed the framers of the Constitution, saying they should’ve written “immediately” instead of “forthwith”. Chiz, didn’t you ask your teachers in law school if you didn’t understand the meaning? WE THE PEOPLE get it. Why can’t you?","This all started because Chiz delayed it, even blamed the framers of the Constitution, saying they should’ve written “immediately” instead of “forthwith”. Chiz, didn’t you ask your teachers in law school if you didn’t understand the meaning? WE THE PEOPLE get it. Why can’t you?","['started', 'chiz', 'delayed', 'even', 'blamed', 'framers', 'constitution', 'saying', 'should’ve', 'written', '“immediately”', 'instead', '“forthwith”', 'chiz', 'didn’t', 'ask', 'teachers', 'law', 'school', 'didn’t', 'understand', 'meaning', 'people', 'get', 'can’t']",started chiz delayed even blamed framers constitution saying should’ve written “immediately” instead “forthwith” chiz didn’t ask teachers law school didn’t understand meaning people get can’t
X (Twitter),twitter,https://x.com/ABSCBNNews/status/1953085739211866148,"The Senate has voted to archive the articles of impeachment against Vice President Sara Duterte. The motion received 19 affirmative votes, 4 negative votes, and 1 abstention. https://t.co/nD9ESzIyrZ",ABSCBNNews,@ABSCBNNews Absolute sh*tshow,captpanduh,108,Thu Aug 07 02:13:23 +0000 2025,Absolute sh*tshow,Absolute shitshow,"['absolute', 'shitshow']",absolute shitshow
X (Twitter),twitter,https://x.com/ABSCBNNews/status/1953085739211866148,"The Senate has voted to archive the articles of impeachment against Vice President Sara Duterte. The motion received 19 affirmative votes, 4 negative votes, and 1 abstention. https://t.co/nD9ESzIyrZ",ABSCBNNews,"@ABSCBNNews Nakakainis! Nakakagigil! Please Karma, where are you?",Eli60300604,93,Wed Aug 06 14:19:13 +0000 2025,"Nakakainis! Nakakagigil! Please Karma, where are you?","Nakakainis! Nakakagigil! Please Karma, where are you?","['nakakainis', 'nakakagigil', 'please', 'karma']",nakakainis nakakagigil please karma
X (Twitter),twitter,https://x.com/ABSCBNNews/status/1953085739211866148,"The Senate has voted to archive the articles of impeachment against Vice President Sara Duterte. The motion received 19 affirmative votes, 4 negative votes, and 1 abstention. https://t.co/nD9ESzIyrZ",ABSCBNNews,"@ABSCBNNews sa kauna unahang pagkakataon, nakakahiya maging isang Pilipino.. sa nangyare ngayon sa Senado, hindi ko kaya itaas ang aking noo kahit kanino! naging sanggalang ang Senado ng isang tao na may kabaluktutang ginawa sa dilim ngaunit ayaw maipakita sa liwanag!",cliff2485,71,Wed Aug 06 14:42:20 +0000 2025,"sa kauna unahang pagkakataon, nakakahiya maging isang Pilipino.. sa nangyare ngayon sa Senado, hindi ko kaya itaas ang aking noo kahit kanino! naging sanggalang ang Senado ng isang tao na may kabaluktutang ginawa sa dilim ngaunit ayaw maipakita sa liwanag!","sa kauna unahang pagkakataon, nakakahiya maging isang Pilipino.. sa nangyare ngayon sa Senado, hindi ko kaya itaas ang aking noo kahit kanino! naging sanggalang ang Senado ng isang tao na may kabaluktutang ginawa sa dilim ngaunit ayaw maipakita sa liwanag!","['kauna', 'unahang', 'pagkakataon', 'nakakahiya', 'maging', 'isang', 'pilipino', 'nangyare', 'ngayon', 'senado', 'hindi', 'kaya', 'itaas', 'aking', 'noo', 'kanino', 'sanggalang', 'senado', 'isang', 'tao', 'kabaluktutang', 'ginawa', 'dilim', 'ngaunit', 'ayaw', 'maipakita', 'liwanag']",kauna unahang pagkakataon nakakahiya maging isang pilipino nangyare ngayon senado hindi kaya itaas aking noo kanino sanggalang senado isang tao kabaluktutang ginawa dilim ngaunit ayaw maipakita liwanag
X (Twitter),twitter,https://x.com/ABSCBNNews/status/1953085739211866148,"The Senate has voted to archive the articles of impeachment against Vice President Sara Duterte. The motion received 19 affirmative votes, 4 negative votes, and 1 abstention. https://t.co/nD9ESzIyrZ",ABSCBNNews,"@ABSCBNNews Jusko akala ko nagising na si Win at Loren, tulog pa din pala ang mga kumag.",jinkywinks,74,Wed Aug 06 15:19:15 +0000 2025,"Jusko akala ko nagising na si Win at Loren, tulog pa din pala ang mga kumag.","Jusko akala ko nagising na si Win at Loren, tulog pa din pala ang mga kumag.","['jusko', 'akala', 'nagising', 'win', 'loren', 'tulog', 'kumag']",jusko akala nagising win loren tulog kumag
X (Twitter),twitter,https://x.com/ABSCBNNews/status/1953085739211866148,"The Senate has voted to archive the articles of impeachment against Vice President Sara Duterte. The motion received 19 affirmative votes, 4 negative votes, and 1 abstention. https://t.co/nD9ESzIyrZ",ABSCBNNews,@ABSCBNNews Legarda - tae rin pala Gatchalian -tae din pala,BoyCorex,70,Wed Aug 06 14:33:54 +0000 2025,Legarda - tae rin pala Gatchalian -tae din pala,Legarda - tae rin pala Gatchalian -tae din pala,"['legarda', 'tae', 'gatchalian', 'tae']",legarda tae gatchalian tae
X (Twitter),twitter,https://x.com/ABSCBNNews/status/1953085739211866148,"The Senate has voted to archive the articles of impeachment against Vice President Sara Duterte. The motion received 19 affirmative votes, 4 negative votes, and 1 abstention. https://t.co/nD9ESzIyrZ",ABSCBNNews,@ABSCBNNews They have the numbers to acquit and yet they fear a trial. Their vote is not based on principles no matter how they pretend to be erudite. They are spineless opportunists. They explain not to defend a vote but to defend a personality. TraPos!,tataydinong1,63,Wed Aug 06 16:16:48 +0000 2025,They have the numbers to acquit and yet they fear a trial. Their vote is not based on principles no matter how they pretend to be erudite. They are spineless opportunists. They explain not to defend a vote but to defend a personality. TraPos!,They have the numbers to acquit and yet they fear a trial. Their vote is not based on principles no matter how they pretend to be erudite. They are spineless opportunists. They explain not to defend a vote but to defend a personality. TraPos!,"['numbers', 'acquit', 'yet', 'fear', 'trial', 'vote', 'not', 'based', 'principles', 'matter', 'pretend', 'erudite', 'spineless', 'opportunists', 'explain', 'not', 'defend', 'vote', 'defend', 'personality', 'trapos']",numbers acquit yet fear trial vote not based principles matter pretend erudite spineless opportunists explain not defend vote defend personality trapos
X (Twitter),twitter,https://x.com/ABSCBNNews/status/1953085739211866148,"The Senate has voted to archive the articles of impeachment against Vice President Sara Duterte. The motion received 19 affirmative votes, 4 negative votes, and 1 abstention. https://t.co/nD9ESzIyrZ",ABSCBNNews,@ABSCBNNews Nanaig ang kadiliman at kasamaan today 🙏,BisdUK,64,Wed Aug 06 14:29:56 +0000 2025,Nanaig ang kadiliman at kasamaan today,Nanaig ang kadiliman at kasamaan today folded hands,"['nanaig', 'kadiliman', 'kasamaan', 'today']",nanaig kadiliman kasamaan today
X (Twitter),twitter,https://x.com/ABSCBNNews/status/1953085739211866148,"The Senate has voted to archive the articles of impeachment against Vice President Sara Duterte. The motion received 19 affirmative votes, 4 negative votes, and 1 abstention. https://t.co/nD9ESzIyrZ",ABSCBNNews,"@ABSCBNNews Hindi pa tapos ang Laban, Pilipinas! Maninindigan ang Tama at Katotohanan!!! Tindig!",khayu_manggi,57,Wed Aug 06 14:46:19 +0000 2025,"Hindi pa tapos ang Laban, Pilipinas! Maninindigan ang Tama at Katotohanan!! Tindig!","Hindi pa tapos ang Laban, Pilipinas! Maninindigan ang Tama at Katotohanan!! Tindig!","['hindi', 'tapos', 'laban', 'pilipinas', 'maninindigan', 'tama', 'katotohanan', 'tindig']",hindi tapos laban pilipinas maninindigan tama katotohanan tindig
X (Twitter),twitter,https://x.com/ABSCBNNews/status/1953085739211866148,"The Senate has voted to archive the articles of impeachment against Vice President Sara Duterte. The motion received 19 affirmative votes, 4 negative votes, and 1 abstention. https://t.co/nD9ESzIyrZ",ABSCBNNews,"@ABSCBNNews With this, nakakapagod nang maging Pilipino. Pahirapan ang accountability sa bansang ito dahil pinapatakbo ng mga puro pansariling interes ng mga pulitiko. 😡🤬",dos_beintedos,17,Wed Aug 06 19:37:24 +0000 2025,"With this, nakakapagod nang maging Pilipino. Pahirapan ang accountability sa bansang ito dahil pinapatakbo ng mga puro pansariling interes ng mga pulitiko.","With this, nakakapagod nang maging Pilipino. Pahirapan ang accountability sa bansang ito dahil pinapatakbo ng mga puro pansariling interes ng mga pulitiko. enraged face face with symbols on mouth","['nakakapagod', 'maging', 'pilipino', 'pahirapan', 'accountability', 'bansang', 'pinapatakbo', 'puro', 'pansariling', 'interes', 'pulitiko']",nakakapagod maging pilipino pahirapan accountability bansang pinapatakbo puro pansariling interes pulitiko
X (Twitter),twitter,https://x.com/ABSCBNNews/status/1953085739211866148,"The Senate has voted to archive the articles of impeachment against Vice President Sara Duterte. The motion received 19 affirmative votes, 4 negative votes, and 1 abstention. https://t.co/nD9ESzIyrZ",ABSCBNNews,@ABSCBNNews Yung mga may ayaw sa impeachment aka accountability halatado naman kayo masyado… konting respeto naman sa mga nagpapasahod sa inyo na mga taxpayers at sa mga kabataan na magbabayad ng mga inuutang nyo para lng nakawin,vanspt,26,Wed Aug 06 17:26:46 +0000 2025,Yung mga may ayaw sa impeachment aka accountability halatado naman kayo masyado… konting respeto naman sa mga nagpapasahod sa inyo na mga taxpayers at sa mga kabataan na magbabayad ng mga inuutang nyo para lng nakawin,Yung mga may ayaw sa impeachment aka accountability halatado naman kayo masyado… konting respeto naman sa mga nagpapasahod sa inyo na mga taxpayers at sa mga kabataan na magbabayad ng mga inuutang nyo para lang nakawin,"['yung', 'ayaw', 'impeachment', 'aka', 'accountability', 'halatado', 'masyado…', 'konting', 'respeto', 'nagpapasahod', 'taxpayers', 'kabataan', 'magbabayad', 'inuutang', 'nakawin']",yung ayaw impeachment aka accountability halatado masyado… konting respeto nagpapasahod taxpayers kabataan magbabayad inuutang nakawin
X (Twitter),twitter,https://x.com/ABSCBNNews/status/1953085739211866148,"The Senate has voted to archive the articles of impeachment against Vice President Sara Duterte. The motion received 19 affirmative votes, 4 negative votes, and 1 abstention. https://t.co/nD9ESzIyrZ",ABSCBNNews,@ABSCBNNews Thank you for the four who said NO and stand for the peoples rights to know the truth to the evidences of how the confidential funds was spent.,cholonunez,23,Wed Aug 06 20:54:00 +0000 2025,Thank you for the four who said NO and stand for the peoples rights to know the truth to the evidences of how the confidential funds was spent.,Thank you for the four who said NO and stand for the peoples rights to know the truth to the evidences of how the confidential funds was spent.,"['four', 'said', 'stand', 'peoples', 'rights', 'know', 'truth', 'evidences', 'confidential', 'funds', 'spent']",four said stand peoples rights know truth evidences confidential funds spent
X (Twitter),twitter,https://x.com/ABSCBNNews/status/1953085739211866148,"The Senate has voted to archive the articles of impeachment against Vice President Sara Duterte. The motion received 19 affirmative votes, 4 negative votes, and 1 abstention. https://t.co/nD9ESzIyrZ",ABSCBNNews,@ABSCBNNews ANG HIRAP TANGGAPIN NG DESISYON NG KORTE SUPREMA AT NGAYON NG SENADO DAHIL NAGKAROON N NG PRESUMPTION OF GUILT DAHIL S HINDI PAGHARAP AT ALANG LINAW N PAGPALIWANAG FROM MADAM VP PATUNGKOL S CNASABING ALLEGATION OF MALVERSATION OF PUBLIC FUNDS IN MILLIONS IF NOT BILLIONS.,IamLOudNProud,23,Wed Aug 06 15:32:57 +0000 2025,ANG HIRAP TANGGAPIN NG DESISYON NG KORTE SUPREMA AT NGAYON NG SENADO DAHIL NAGKAROON N NG PRESUMPTION OF GUILT DAHIL S HINDI PAGHARAP AT ALANG LINAW N PAGPALIWANAG FROM MADAM VP PATUNGKOL S CNASABING ALLEGATION OF MALVERSATION OF PUBLIC FUNDS IN MILLIONS IF NOT BILLIONS.,ANG HIRAP TANGGAPIN NG DESISYON NG KORTE SUPREMA AT NGAYON NG SENADO DAHIL NAGKAROON N NG PRESUMPTION OF GUILT DAHIL S HINDI PAGHARAP AT ALANG LINAW N PAGPALIWANAG FROM MADAM VP PATUNGKOL S CNASABING ALLEGATION OF MALVERSATION OF PUBLIC FUNDS IN MILLIONS IF NOT BILLIONS.,"['hirap', 'tanggapin', 'desisyon', 'korte', 'suprema', 'ngayon', 'senado', 'nagkaroon', 'presumption', 'guilt', 'hindi', 'pagharap', 'alang', 'linaw', 'pagpaliwanag', 'madam', 'patungkol', 'cnasabing', 'allegation', 'malversation', 'public', 'funds', 'millions', 'not', 'billions']",hirap tanggapin desisyon korte suprema ngayon senado nagkaroon presumption guilt hindi pagharap alang linaw pagpaliwanag madam patungkol cnasabing allegation malversation public funds millions not billions
X (Twitter),twitter,https://x.com/ABSCBNNews/status/1953085739211866148,"The Senate has voted to archive the articles of impeachment against Vice President Sara Duterte. The motion received 19 affirmative votes, 4 negative votes, and 1 abstention. https://t.co/nD9ESzIyrZ",ABSCBNNews,@ABSCBNNews That's expected already from them since they're evil allies of DUTAEs and TSINA! 🎯💯👿🤥🐕💩🐕🇨🇳🤬🐊🤑,AKIMBO_888,20,Wed Aug 06 14:02:31 +0000 2025,That's expected already from them since they're evil allies of DUTAEs and TSINA!,That's expected already from them since they're evil allies of duterte and TSINA! bullseye hundred points angry face with horns lying face dog pile of poo dog China face with symbols on mouth crocodile money-mouth face,"['expected', 'already', 'since', 'evil', 'allies', 'duterte', 'tsina']",expected already since evil allies duterte tsina
