source,platform,post_url,post_title,post_author,comment_text,username,likes,timestamp
X (Twitter),twitter,https://x.com/ABSCBNNews/status/1953085739211866148,"The Senate has voted to archive the articles of impeachment against Vice President Sara Duterte. The motion received 19 affirmative votes, 4 negative votes, and 1 abstention. https://t.co/nD9ESzIyrZ",ABSCBNNews,"Senate archives Sara Duterte impeachment case https://t.co/FdWJyVgm2z",ABSCBNNews,38,Wed Aug 06 13:29:33 +0000 2025
X (Twitter),twitter,https://x.com/ABSCBNNews/status/1953085739211866148,"The Senate has voted to archive the articles of impeachment against Vice President Sara Duterte. The motion received 19 affirmative votes, 4 negative votes, and 1 abstention. https://t.co/nD9ESzIyrZ",ABSCBNNews,"@ABSCBNNews Lord kunin mo na po un 19",Gng_Minchin,1272,Wed Aug 06 13:52:50 +0000 2025
X (Twitter),twitter,https://x.com/ABSCBNNews/status/1953085739211866148,"The Senate has voted to archive the articles of impeachment against Vice President Sara Duterte. The motion received 19 affirmative votes, 4 negative votes, and 1 abstention. https://t.co/nD9ESzIyrZ",ABSCBNNews,"@ABSCBNNews Kaway kaway sa galit na galit sa ICC kasi kinuha yung Poon nila. Eto na yun oh! This is the reason why ICC intervened. And please, don't tell me na may maayos tayong justice system. Sa Senate palang basura na sya oh.",Alex01443,1167,Wed Aug 06 14:45:09 +0000 2025
X (Twitter),twitter,https://x.com/ABSCBNNews/status/1953085739211866148,"The Senate has voted to archive the articles of impeachment against Vice President Sara Duterte. The motion received 19 affirmative votes, 4 negative votes, and 1 abstention. https://t.co/nD9ESzIyrZ",ABSCBNNews,"@ABSCBNNews The @IntlCrimCourt needs to take Sara, Bato, et. al away from the Philippines before we all burn in hell together. @bongbongmarcos do your thing NOW!",JM_alter2020,591,Wed Aug 06 14:01:11 +0000 2025
X (Twitter),twitter,https://x.com/ABSCBNNews/status/1953085739211866148,"The Senate has voted to archive the articles of impeachment against Vice President Sara Duterte. The motion received 19 affirmative votes, 4 negative votes, and 1 abstention. https://t.co/nD9ESzIyrZ",ABSCBNNews,"@ABSCBNNews dapat lang talaga na sa icc dinala si duterte. thank you @IntlCrimCourt !",iamsaff,510,Wed Aug 06 13:35:38 +0000 2025
X (Twitter),twitter,https://x.com/ABSCBNNews/status/1953085739211866148,"The Senate has voted to archive the articles of impeachment against Vice President Sara Duterte. The motion received 19 affirmative votes, 4 negative votes, and 1 abstention. https://t.co/nD9ESzIyrZ",ABSCBNNews,"@ABSCBNNews tanginang yan",cheowielne,383,Wed Aug 06 22:55:49 +0000 2025
X (Twitter),twitter,https://x.com/ABSCBNNews/status/1953085739211866148,"The Senate has voted to archive the articles of impeachment against Vice President Sara Duterte. The motion received 19 affirmative votes, 4 negative votes, and 1 abstention. https://t.co/nD9ESzIyrZ",ABSCBNNews,"@ABSCBNNews 2 Cayetano 2 Ejercito 2 Tulfo 2 Villar 😜😜😜 #familybusiness #twinning",RichIIILH,336,Wed Aug 06 14:46:33 +0000 2025
X (Twitter),twitter,https://x.com/ABSCBNNews/status/1953085739211866148,"The Senate has voted to archive the articles of impeachment against Vice President Sara Duterte. The motion received 19 affirmative votes, 4 negative votes, and 1 abstention. https://t.co/nD9ESzIyrZ",ABSCBNNews,"@ABSCBNNews Lacson not having BALLS https://t.co/n5WIVa0dIe",keanlockes,361,Wed Aug 06 23:18:47 +0000 2025
X (Twitter),twitter,https://x.com/ABSCBNNews/status/1953085739211866148,"The Senate has voted to archive the articles of impeachment against Vice President Sara Duterte. The motion received 19 affirmative votes, 4 negative votes, and 1 abstention. https://t.co/nD9ESzIyrZ",ABSCBNNews,"@ABSCBNNews Wala na talagang pag-asa ang Pilipinas. Nakakadismaya! Buwagin na yan Senado, fortwith!",lacoste_rn,243,Wed Aug 06 14:04:18 +0000 2025
X (Twitter),twitter,https://x.com/ABSCBNNews/status/1953085739211866148,"The Senate has voted to archive the articles of impeachment against Vice President Sara Duterte. The motion received 19 affirmative votes, 4 negative votes, and 1 abstention. https://t.co/nD9ESzIyrZ",ABSCBNNews,"@ABSCBNNews Mga demonyo sa Senado. If you voted for anyone of these, you are part of the problem. Sorry not sorry. Kanser kayo ng lipunan. Mag isip-isip naman kayo. https://t.co/AG8gmMZOdt",phoenixtian,190,Wed Aug 06 22:29:23 +0000 2025
X (Twitter),twitter,https://x.com/ABSCBNNews/status/1953085739211866148,"The Senate has voted to archive the articles of impeachment against Vice President Sara Duterte. The motion received 19 affirmative votes, 4 negative votes, and 1 abstention. https://t.co/nD9ESzIyrZ",ABSCBNNews,"@ABSCBNNews Si Loren legarda pinaka tuso Dyan promise",AHOF__GRANDMA,1,Wed Aug 06 22:09:28 +0000 2025
X (Twitter),twitter,https://x.com/ABSCBNNews/status/1953085739211866148,"The Senate has voted to archive the articles of impeachment against Vice President Sara Duterte. The motion received 19 affirmative votes, 4 negative votes, and 1 abstention. https://t.co/nD9ESzIyrZ",ABSCBNNews,"@ABSCBNNews This all started bec Chiz delayed it, even blamed the framers of the Constitution, saying they should’ve written “immediately” instead of “forthwith”. Chiz, didn’t you ask your teachers in law school if you didn’t understand the meaning? WE THE PEOPLE get it. Why can’t you?",twinkylagdameo,115,Wed Aug 06 15:27:17 +0000 2025
X (Twitter),twitter,https://x.com/ABSCBNNews/status/1953085739211866148,"The Senate has voted to archive the articles of impeachment against Vice President Sara Duterte. The motion received 19 affirmative votes, 4 negative votes, and 1 abstention. https://t.co/nD9ESzIyrZ",ABSCBNNews,"@ABSCBNNews Absolute sh*tshow",captpanduh,108,Thu Aug 07 02:13:23 +0000 2025
X (Twitter),twitter,https://x.com/ABSCBNNews/status/1953085739211866148,"The Senate has voted to archive the articles of impeachment against Vice President Sara Duterte. The motion received 19 affirmative votes, 4 negative votes, and 1 abstention. https://t.co/nD9ESzIyrZ",ABSCBNNews,"@ABSCBNNews Nakakainis! Nakakagigil! Please Karma, where are you?",Eli60300604,93,Wed Aug 06 14:19:13 +0000 2025
X (Twitter),twitter,https://x.com/ABSCBNNews/status/1953085739211866148,"The Senate has voted to archive the articles of impeachment against Vice President Sara Duterte. The motion received 19 affirmative votes, 4 negative votes, and 1 abstention. https://t.co/nD9ESzIyrZ",ABSCBNNews,"@ABSCBNNews sa kauna unahang pagkakataon, nakakahiya maging isang Pilipino.. sa nangyare ngayon sa Senado, hindi ko kaya itaas ang aking noo kahit kanino! naging sanggalang ang Senado ng isang tao na may kabaluktutang ginawa sa dilim ngaunit ayaw maipakita sa liwanag!",cliff2485,71,Wed Aug 06 14:42:20 +0000 2025
X (Twitter),twitter,https://x.com/ABSCBNNews/status/1953085739211866148,"The Senate has voted to archive the articles of impeachment against Vice President Sara Duterte. The motion received 19 affirmative votes, 4 negative votes, and 1 abstention. https://t.co/nD9ESzIyrZ",ABSCBNNews,"@ABSCBNNews Jusko akala ko nagising na si Win at Loren, tulog pa din pala ang mga kumag.",jinkywinks,74,Wed Aug 06 15:19:15 +0000 2025
X (Twitter),twitter,https://x.com/ABSCBNNews/status/1953085739211866148,"The Senate has voted to archive the articles of impeachment against Vice President Sara Duterte. The motion received 19 affirmative votes, 4 negative votes, and 1 abstention. https://t.co/nD9ESzIyrZ",ABSCBNNews,"@ABSCBNNews Legarda - tae rin pala Gatchalian -tae din pala",BoyCorex,70,Wed Aug 06 14:33:54 +0000 2025
X (Twitter),twitter,https://x.com/ABSCBNNews/status/1953085739211866148,"The Senate has voted to archive the articles of impeachment against Vice President Sara Duterte. The motion received 19 affirmative votes, 4 negative votes, and 1 abstention. https://t.co/nD9ESzIyrZ",ABSCBNNews,"@ABSCBNNews They have the numbers to acquit and yet they fear a trial. Their vote is not based on principles no matter how they pretend to be erudite. They are spineless opportunists. They explain not to defend a vote but to defend a personality. TraPos!",tataydinong1,63,Wed Aug 06 16:16:48 +0000 2025
X (Twitter),twitter,https://x.com/ABSCBNNews/status/1953085739211866148,"The Senate has voted to archive the articles of impeachment against Vice President Sara Duterte. The motion received 19 affirmative votes, 4 negative votes, and 1 abstention. https://t.co/nD9ESzIyrZ",ABSCBNNews,"@ABSCBNNews Nanaig ang kadiliman at kasamaan today 🙏",BisdUK,64,Wed Aug 06 14:29:56 +0000 2025
X (Twitter),twitter,https://x.com/ABSCBNNews/status/1953085739211866148,"The Senate has voted to archive the articles of impeachment against Vice President Sara Duterte. The motion received 19 affirmative votes, 4 negative votes, and 1 abstention. https://t.co/nD9ESzIyrZ",ABSCBNNews,"@ABSCBNNews Hindi pa tapos ang Laban, Pilipinas! Maninindigan ang Tama at Katotohanan!!! Tindig!",khayu_manggi,57,Wed Aug 06 14:46:19 +0000 2025
X (Twitter),twitter,https://x.com/ABSCBNNews/status/1953085739211866148,"The Senate has voted to archive the articles of impeachment against Vice President Sara Duterte. The motion received 19 affirmative votes, 4 negative votes, and 1 abstention. https://t.co/nD9ESzIyrZ",ABSCBNNews,"@ABSCBNNews Pls https://t.co/U1DcIIrVJi",AJsaysthings,51,Wed Aug 06 14:15:26 +0000 2025
X (Twitter),twitter,https://x.com/ABSCBNNews/status/1953085739211866148,"The Senate has voted to archive the articles of impeachment against Vice President Sara Duterte. The motion received 19 affirmative votes, 4 negative votes, and 1 abstention. https://t.co/nD9ESzIyrZ",ABSCBNNews,"@ABSCBNNews With this, nakakapagod nang maging Pilipino. Pahirapan ang accountability sa bansang ito dahil pinapatakbo ng mga puro pansariling interes ng mga pulitiko. 😡🤬",dos_beintedos,17,Wed Aug 06 19:37:24 +0000 2025
X (Twitter),twitter,https://x.com/ABSCBNNews/status/1953085739211866148,"The Senate has voted to archive the articles of impeachment against Vice President Sara Duterte. The motion received 19 affirmative votes, 4 negative votes, and 1 abstention. https://t.co/nD9ESzIyrZ",ABSCBNNews,"@ABSCBNNews Yung mga may ayaw sa impeachment aka accountability halatado naman kayo masyado… konting respeto naman sa mga nagpapasahod sa inyo na mga taxpayers at sa mga kabataan na magbabayad ng mga inuutang nyo para lng nakawin",vanspt,26,Wed Aug 06 17:26:46 +0000 2025
X (Twitter),twitter,https://x.com/ABSCBNNews/status/1953085739211866148,"The Senate has voted to archive the articles of impeachment against Vice President Sara Duterte. The motion received 19 affirmative votes, 4 negative votes, and 1 abstention. https://t.co/nD9ESzIyrZ",ABSCBNNews,"@ABSCBNNews Thank you for the four who said NO and stand for the peoples rights to know the truth to the evidences of how the confidential funds was spent.",cholonunez,23,Wed Aug 06 20:54:00 +0000 2025
X (Twitter),twitter,https://x.com/ABSCBNNews/status/1953085739211866148,"The Senate has voted to archive the articles of impeachment against Vice President Sara Duterte. The motion received 19 affirmative votes, 4 negative votes, and 1 abstention. https://t.co/nD9ESzIyrZ",ABSCBNNews,"@ABSCBNNews ANG HIRAP TANGGAPIN NG DESISYON NG KORTE SUPREMA AT NGAYON NG SENADO DAHIL NAGKAROON N NG PRESUMPTION OF GUILT DAHIL S HINDI PAGHARAP AT ALANG LINAW N PAGPALIWANAG FROM MADAM VP PATUNGKOL S CNASABING ALLEGATION OF MALVERSATION OF PUBLIC FUNDS IN MILLIONS IF NOT BILLIONS.",IamLOudNProud,23,Wed Aug 06 15:32:57 +0000 2025
X (Twitter),twitter,https://x.com/ABSCBNNews/status/1953085739211866148,"The Senate has voted to archive the articles of impeachment against Vice President Sara Duterte. The motion received 19 affirmative votes, 4 negative votes, and 1 abstention. https://t.co/nD9ESzIyrZ",ABSCBNNews,"@ABSCBNNews That's expected already from them since they're evil allies of DUTAEs and TSINA! 🎯💯👿🤥🐕💩🐕🇨🇳🤬🐊🤑",AKIMBO_888,20,Wed Aug 06 14:02:31 +0000 2025
